Date,Open,High,Low,Close,Volume,Adj. Close
2016-02-11,379.71,383.0,375.0,377.35,7109.52224382,377.35
2016-02-12,376.1,383.0,373.54,382.25,6887.8972106,382.25
2016-02-13,382.25,389.35,380.52,387.9,7711.17950753,387.9
2016-02-14,387.9,401.22,386.85,400.45,8665.21203865,400.45
2016-02-15,400.45,409.71,396.0,401.15,9113.79623633,401.15
2016-02-16,401.0,407.8,393.4,405.53,7808.70887529,405.53
2016-02-17,406.48,420.0,403.96,418.84,9914.2009306,418.84
2016-02-18,418.84,424.9,412.02,417.49,10265.2454824,417.49
2016-02-19,417.46,422.0,414.0,419.54,6003.40345854,419.54
2016-02-20,419.91,433.37,416.66,430.0,6522.15183549,430.0
2016-02-21,429.38,447.99,425.98,430.86,15589.7146366,430.86
2016-02-22,431.97,439.0,430.9,437.52,4979.21781589,437.52
2016-02-23,437.95,440.0,416.36,421.9,9180.99757856,421.9
2016-02-24,421.9,424.19,409.07,423.96,9345.022207,423.96
2016-02-25,422.24,426.75,415.79,422.43,5582.39213443,422.43
2016-02-26,422.43,425.0,418.01,424.5,4107.90865012,424.5
2016-02-27,424.44,435.0,422.01,431.42,5033.37060646,431.42
2016-02-28,431.42,435.0,422.29,432.84,3459.18563168,432.84
2016-02-29,431.94,440.99,428.12,436.02,7468.12320326,436.02
2016-03-01,436.24,437.64,427.33,432.67,5977.85328054,432.67
2016-03-02,432.03,434.5,427.01,430.48,6275.77164795,430.48
2016-03-03,429.45,430.98,415.85,421.6,7151.39009468,421.6
2016-03-04,421.6,423.9,416.0,420.69,6395.22418667,420.69
2016-03-05,420.69,420.69,382.0,394.66,16618.7079356,394.66
2016-03-06,395.45,411.26,390.0,411.26,8132.15396601,411.26
2016-03-07,411.26,412.31,403.0,410.25,5473.31605486,410.25
2016-03-08,410.24,414.99,408.46,411.8,5944.89369058,411.8
2016-03-09,411.8,413.5,408.75,412.0,4920.60972899,412.0
2016-03-10,411.53,416.9,409.31,415.98,5770.76980467,415.98
2016-03-11,415.8,421.91,414.7,420.96,5766.11058665,420.96
2016-03-12,420.5,421.6,409.62,409.62,4489.63125584,409.62
2016-03-13,409.62,417.0,406.59,412.5,3708.72783268,412.5
2016-03-14,412.09,415.22,410.5,413.73,3943.04525712,413.73
2016-03-15,413.75,417.43,411.5,415.25,4449.53016495,415.25
2016-03-16,415.25,417.3,413.15,414.8,4289.51611765,414.8
2016-03-17,414.8,419.0,413.67,418.94,4462.77438543,418.94
2016-03-18,418.79,419.0,406.66,407.98,4432.63004744,407.98
2016-03-19,407.98,409.95,403.34,406.9,4961.71029401,406.9
2016-03-20,406.7,412.0,404.1,410.28,2353.97466539,410.28
2016-03-21,410.28,411.96,406.5,410.29,3196.24730512,410.29
2016-03-22,411.04,416.0,407.21,415.52,4027.08455177,415.52
2016-03-23,415.8,417.5,413.44,417.07,4580.23152582,417.07
2016-03-24,417.07,419.0,412.85,415.78,3581.15473131,415.78
2016-03-25,415.83,417.0,412.0,415.98,2820.48752362,415.98
2016-03-26,415.98,416.99,414.07,415.27,1496.93141764,415.27
2016-03-27,415.27,424.99,414.0,424.99,2020.2072569,424.99
2016-03-28,424.99,427.99,421.17,421.47,5836.31053919,421.47
2016-03-29,422.57,424.37,407.22,412.0,5499.56660633,412.0
2016-03-30,412.63,416.2,408.59,412.0,4629.74872574,412.0
2016-03-31,411.97,415.99,410.08,414.29,3878.84258016,414.29
2016-04-01,414.76,416.99,413.42,416.8,3568.18563106,416.8
2016-04-02,416.51,420.0,414.42,418.27,3121.9322495,418.27
2016-04-03,418.27,419.5,416.1,418.57,1389.96715336,418.57
2016-04-04,418.7,419.49,416.0,419.29,3045.7783183,419.29
2016-04-05,419.29,423.0,416.61,421.75,3866.73590106,421.75
2016-04-06,422.44,422.9,420.26,421.83,2493.7692298,421.83
2016-04-07,422.2,422.48,418.21,421.23,2798.92749091,421.23
2016-04-08,421.7,423.99,417.3,422.41,3704.99597327,422.41
2016-04-09,423.1,423.89,412.0,418.34,5348.74995037,418.34
2016-04-10,417.92,421.54,417.02,420.47,1549.43256635,420.47
2016-04-11,420.48,421.99,418.0,421.29,3020.04481893,421.29
2016-04-12,421.29,426.67,419.52,425.87,5215.35442176,425.87
2016-04-13,425.98,426.29,422.94,423.69,4904.54341621,423.69
2016-04-14,423.7,425.2,420.57,424.69,4069.52947527,424.69
2016-04-15,424.69,430.0,423.02,428.17,3733.61561093,428.17
2016-04-16,429.12,432.87,426.61,429.72,2796.54266645,429.72
2016-04-17,429.72,430.98,426.19,428.07,1480.26804321,428.07
2016-04-18,426.49,430.01,424.24,426.69,2966.76194422,426.69
2016-04-19,426.69,430.64,426.0,429.0,2655.33457268,429.0
2016-04-20,429.1,440.0,428.32,440.0,7009.66000984,440.0
2016-04-21,440.0,444.84,438.58,444.78,4926.65039681,444.78
2016-04-22,444.77,452.11,442.96,447.31,7255.67289319,447.31
2016-04-23,448.02,450.57,444.46,448.16,2356.03956259,448.16
2016-04-24,448.98,457.8,446.04,450.25,3802.79189741,450.25
2016-04-25,450.25,470.02,449.86,460.19,7007.49568973,460.19
2016-04-26,460.24,469.47,459.46,466.17,6063.22580468,466.17
2016-04-27,466.32,469.87,448.3,456.08,6309.06574142,456.08
2016-04-28,456.29,457.38,435.0,450.18,9133.17816251,450.18
2016-04-29,450.18,453.0,445.62,452.48,3623.28405452,452.48
2016-04-30,452.48,456.9,450.55,451.81,2322.54080442,451.81
2016-05-01,451.8,453.74,446.5,452.2,2253.28436832,452.2
2016-05-02,452.9,453.8,438.59,443.49,4851.85902449,443.49
2016-05-03,442.82,450.19,440.55,448.01,5310.97491805,448.01
2016-05-04,448.01,452.0,444.15,446.92,4344.75463064,446.92
2016-05-05,446.48,449.0,444.65,446.66,2443.28817638,446.66
2016-05-06,447.31,454.22,446.18,453.08,3924.33761006,453.08
2016-05-07,453.08,463.97,452.57,457.37,4190.08352183,457.37
2016-05-08,458.16,461.0,455.95,459.33,1579.74494725,459.33
2016-05-09,459.33,463.5,455.62,463.5,2619.19234899,463.5
2016-05-10,462.13,464.79,447.38,451.64,5100.85471027,451.64
2016-05-11,451.21,457.99,449.7,453.6,4653.35197019,453.6
2016-05-12,453.42,453.93,448.88,452.51,2861.62300815,452.51
2016-05-13,452.51,455.99,450.14,454.53,3210.13508026,454.53
2016-05-14,454.91,456.99,453.51,455.4,1807.06674115,455.4
2016-05-15,455.86,457.25,454.72,456.07,1135.55775257,456.07
2016-05-16,456.02,458.08,455.11,457.5,2431.4639514,457.5
2016-05-17,457.5,457.62,451.11,453.81,3842.35715155,453.81
2016-05-18,454.41,455.68,452.0,455.4,2922.07208457,455.4
2016-05-19,455.42,455.42,447.12,448.22,4470.46399864,448.22
2016-05-20,448.22,448.82,435.03,442.4,5041.60288393,442.4
2016-05-21,442.4,443.76,435.28,442.94,2573.61669318,442.94
2016-05-22,442.48,443.98,439.9,442.0,1004.44261778,442.0
2016-05-23,442.0,442.2,435.0,441.94,3675.47791109,441.94
2016-05-24,441.94,446.37,441.0,446.15,2970.72737371,446.15
2016-05-25,445.55,449.6,443.58,447.69,3722.53274296,447.69
2016-05-26,447.79,452.21,446.8,452.0,3608.66462522,452.0
2016-05-27,451.74,478.16,450.6,472.01,11216.4747799,472.01
2016-05-28,472.01,498.0,468.0,493.09,8989.49558728,493.09
2016-05-29,493.09,529.08,485.0,517.0,8761.27906213,517.0
2016-05-30,517.0,540.0,501.0,522.24,8931.84173008,522.24
2016-05-31,522.24,548.5,515.0,528.25,10190.4467049,528.25
2016-06-01,528.32,542.87,518.0,537.39,7789.86133606,537.39
2016-06-02,537.18,540.0,529.13,535.99,3906.54492523,535.99
2016-06-03,535.85,570.0,532.15,564.35,7563.41605118,564.35
2016-06-04,563.53,588.71,560.65,575.87,7220.59353143,575.87
2016-06-05,574.68,582.0,558.54,570.0,5847.21665879,570.0
2016-06-06,570.0,585.99,566.02,583.5,4505.38126568,583.5
2016-06-07,583.52,594.44,573.11,575.16,5644.28911961,575.16
2016-06-08,575.15,582.77,563.0,575.71,4346.00401481,575.71
2016-06-09,576.79,584.25,573.0,575.29,3516.42805679,575.29
2016-06-10,575.29,580.0,572.0,575.73,3858.8136028,575.73
2016-06-11,574.67,587.09,574.67,581.76,2753.64216797,581.76
2016-06-12,581.76,648.88,580.87,645.37,11473.0193606,645.37
2016-06-13,644.21,725.0,636.24,689.95,19428.1724386,689.95
2016-06-14,688.5,707.02,668.73,673.48,8936.50145717,673.48
2016-06-15,673.47,690.73,655.0,688.15,8822.84187471,688.15
2016-06-16,689.4,750.5,687.3,738.26,14236.3232919,738.26
2016-06-17,738.22,778.7,706.37,744.13,16489.2010143,744.13
2016-06-18,744.0,757.96,723.02,753.18,5364.22718113,753.18
2016-06-19,753.53,778.85,736.03,761.56,5904.83385691,761.56
2016-06-20,762.82,764.0,725.0,736.92,6604.43563058,736.92
2016-06-21,738.86,742.0,641.25,667.51,24313.6682306,667.51
2016-06-22,664.52,684.23,625.0,650.52,17046.9159245,650.52
2016-06-23,650.5,651.0,540.17,559.51,25913.0022234,559.51
2016-06-24,559.5,683.88,558.11,637.0,22585.0694367,637.0
2016-06-25,637.02,684.45,636.1,672.79,5837.09154236,672.79
2016-06-26,673.98,679.45,614.0,618.8,6294.11041883,618.8
2016-06-27,616.7,649.98,608.64,634.15,8213.56772482,634.15
2016-06-28,634.12,665.51,630.89,642.4,5960.47031442,642.4
2016-06-29,642.4,650.0,621.09,627.05,7995.45028814,627.05
2016-06-30,629.88,669.9,627.05,662.28,9163.58217893,662.28
2016-07-01,664.87,684.1,659.71,670.83,6181.0209112,670.83
2016-07-02,670.81,701.76,667.83,691.25,6284.61272613,691.25
2016-07-03,691.25,704.99,647.0,655.0,7253.75721993,655.0
2016-07-04,656.25,682.35,640.1,673.95,4793.01786591,673.95
2016-07-05,673.29,682.36,661.57,669.0,3172.6618075,669.0
2016-07-06,668.97,679.0,665.01,674.74,2809.85982982,674.74
2016-07-07,675.66,678.43,632.0,638.7,8987.6677272,638.7
2016-07-08,637.21,654.6,605.5,650.4,10454.7681699,650.4
2016-07-09,649.97,665.99,640.0,657.2,5222.06424728,657.2
2016-07-10,657.2,661.0,626.0,641.77,4126.67253291,641.77
2016-07-11,638.66,659.6,638.65,646.27,2624.48896362,646.27
2016-07-12,646.5,661.46,644.14,660.0,3178.88196368,660.0
2016-07-13,659.37,678.0,657.0,661.37,5317.50035373,661.37
2016-07-14,662.0,663.97,650.01,661.0,5205.70010088,661.0
2016-07-15,663.0,667.73,658.41,662.15,2524.31928353,662.15
2016-07-16,662.97,670.01,655.0,659.74,2730.85580911,659.74
2016-07-17,660.99,669.99,659.74,667.54,1374.68679796,667.54
2016-07-18,669.5,684.19,666.8,682.0,4211.22843829,682.0
2016-07-19,682.0,682.0,666.12,671.29,2180.2878542,671.29
2016-07-20,672.36,675.0,660.0,664.62,3257.42749958,664.62
2016-07-21,664.62,669.12,660.1,664.67,2670.09653242,664.67
2016-07-22,663.4,666.3,650.43,653.0,4323.25691653,653.0
2016-07-23,653.03,657.76,645.0,654.01,2868.82413963,654.01
2016-07-24,654.01,659.7,651.99,656.96,887.29726583,656.96
2016-07-25,658.42,665.0,652.28,657.17,2277.98712917,657.17
2016-07-26,657.18,657.26,645.01,652.0,3259.36822866,652.0
2016-07-27,651.04,656.62,646.31,654.13,2786.6437499,654.13
2016-07-28,655.85,659.98,652.35,656.93,2361.64655923,656.93
2016-07-29,656.93,657.4,653.0,655.99,1608.91591457,655.99
2016-07-30,655.99,657.5,653.04,655.59,682.35556171,655.59
2016-07-31,657.43,657.5,629.53,633.99,3224.58629107,633.99
2016-08-01,633.99,635.09,614.82,622.5,4193.87194407,622.5
2016-08-02,623.47,623.47,594.21,596.22,6790.581411,596.22
2016-08-03,598.19,604.18,465.28,548.8,30420.8501664,548.8
2016-08-04,549.28,582.0,547.68,570.0,9846.74115079,570.0
2016-08-05,570.05,583.97,552.0,571.23,5394.89968846,571.23
2016-08-06,571.5,581.06,562.56,565.68,5481.44858499,565.68
2016-08-07,565.71,598.82,565.56,596.88,4084.06188761,596.88
2016-08-08,596.89,598.58,582.12,591.63,3254.62747948,591.63
2016-08-09,591.5,594.0,580.05,589.07,3149.04558091,589.07
2016-08-10,589.65,603.0,579.43,598.42,4959.525809,598.42
2016-08-11,598.47,598.99,587.91,590.8,2982.98014813,590.8
2016-08-12,590.8,591.97,580.47,588.8,2387.21051767,588.8
2016-08-13,588.19,589.98,581.71,583.51,1347.19039329,583.51
2016-08-14,583.51,587.14,563.73,567.02,3376.39005989,567.02
2016-08-15,567.02,573.69,556.24,559.99,4795.43450346,559.99
2016-08-16,559.99,579.49,554.9,575.33,5071.87934839,575.33
2016-08-17,575.94,579.8,567.17,569.74,4554.63947897,569.74
2016-08-18,569.86,573.87,566.02,572.56,3030.01294413,572.56
2016-08-19,572.56,575.87,552.3,570.0,5550.42553575,570.0
2016-08-20,570.0,578.98,568.52,575.6,2611.42436416,575.6
2016-08-21,576.97,583.99,575.97,578.0,1564.06208583,578.0
2016-08-22,578.05,585.16,572.5,583.09,3520.27838334,583.09
2016-08-23,583.66,585.95,576.0,578.31,5108.05613458,578.31
2016-08-24,577.88,582.33,575.4,577.5,2613.25859893,577.5
2016-08-25,576.5,582.1,571.16,574.1,4094.43950005,574.1
2016-08-26,574.17,582.46,574.1,577.56,3997.28393605,577.56
2016-08-27,578.12,579.95,565.0,565.0,2838.74440008,565.0
2016-08-28,565.0,572.91,564.81,569.97,1268.21137962,569.97
2016-08-29,569.71,575.0,569.02,574.85,1896.4140391,574.85
2016-08-30,574.85,576.0,568.55,575.99,3956.28397508,575.99
2016-08-31,575.99,576.5,569.0,569.0,3767.81936348,569.0
2016-09-01,569.0,573.92,566.86,570.0,3366.07634365,570.0
2016-09-02,570.0,574.2,567.03,572.25,3261.37010897,572.25
2016-09-03,572.13,573.85,569.56,571.68,1597.83131754,571.68
2016-09-04,571.09,609.05,569.01,604.5,6837.09433818,604.5
2016-09-05,604.99,607.65,592.46,602.53,3796.05435109,602.53
2016-09-06,601.8,609.74,599.54,607.91,3500.35113046,607.91
2016-09-07,607.91,612.16,604.17,612.0,4566.47113417,612.0
2016-09-08,611.89,628.98,611.25,625.97,4271.0302418,625.97
2016-09-09,625.88,627.49,612.93,620.57,3676.96162047,620.57
2016-09-10,620.55,625.0,618.67,620.5,2193.20011007,620.5
2016-09-11,621.6,623.75,619.05,623.04,909.88409461,623.04
2016-09-12,623.04,628.99,594.63,605.99,7168.45325108,605.99
2016-09-13,605.99,609.39,603.28,604.47,3554.04211107,604.47
2016-09-14,604.47,609.61,604.38,609.32,3147.98803888,609.32
2016-09-15,607.87,610.69,606.43,607.38,2124.20240248,607.38
2016-09-16,607.1,608.99,602.3,605.48,3649.29747489,605.48
2016-09-17,605.48,607.6,601.29,602.78,1530.49086998,602.78
2016-09-18,602.78,608.59,601.1,607.99,1238.53228514,607.99
2016-09-19,607.71,609.5,604.35,605.99,2018.48262957,605.99
2016-09-20,604.66,608.99,603.0,607.04,2507.59460464,607.04
2016-09-21,607.0,608.0,592.1,594.99,3869.16702037,594.99
2016-09-22,594.99,596.42,592.5,594.81,2401.6594093,594.81
2016-09-23,594.81,599.99,593.0,597.5,3698.2879938,597.5
2016-09-24,598.75,603.59,597.74,600.05,1936.92362644,600.05
2016-09-25,600.51,601.99,596.01,596.09,996.66457536,596.09
2016-09-26,597.6,606.0,596.0,604.71,3049.04439117,604.71
2016-09-27,603.76,608.37,600.02,603.83,3608.64667009,603.83
2016-09-28,603.83,607.0,600.8,603.0,2222.85400853,603.0
2016-09-29,602.98,605.0,601.0,604.94,3059.48637072,604.94
2016-09-30,604.94,606.62,603.15,604.15,2317.11575164,604.15
2016-10-01,604.98,613.97,603.43,613.39,1895.06470286,613.39
2016-10-02,613.03,614.28,605.0,605.79,1363.91104795,605.79
2016-10-03,605.79,611.14,605.1,609.5,1857.14437587,609.5
2016-10-04,609.5,612.98,604.99,607.59,3223.92788907,607.59
2016-10-05,607.59,612.0,605.76,609.08,2317.00402761,609.08
2016-10-06,610.94,611.05,607.09,610.19,2030.84050159,610.19
2016-10-07,609.98,616.34,607.52,613.9,3836.31139485,613.9
2016-10-08,613.52,616.99,611.0,614.6,1521.23255888,614.6
2016-10-09,614.6,615.04,610.0,613.01,1103.71392333,613.01
2016-10-10,614.59,616.47,611.16,615.64,1989.396042,615.64
2016-10-11,615.11,635.02,612.71,632.77,6869.08225584,632.77
2016-10-12,632.77,640.0,628.76,636.75,3946.28697835,636.75
2016-10-13,636.75,637.0,630.0,635.35,2341.39973843,635.35
2016-10-14,635.35,637.5,630.45,634.87,2861.69989324,634.87
2016-10-15,634.87,642.0,633.0,637.86,1994.29938809,637.86
2016-10-16,638.47,641.4,635.18,637.54,1089.09151972,637.54
2016-10-17,639.01,639.99,632.1,636.98,3748.28945832,636.98
2016-10-18,636.9,637.8,633.0,636.68,2693.69404129,636.68
2016-10-19,636.58,638.04,624.22,625.75,4119.6392364,625.75
2016-10-20,625.75,630.22,624.13,627.41,2736.79874054,627.41
2016-10-21,627.42,630.99,625.0,630.94,2819.09840732,630.94
2016-10-22,630.56,650.05,628.5,646.99,2662.07597224,646.99
2016-10-23,646.99,656.0,645.41,651.88,4337.47313069,651.88
2016-10-24,649.75,652.25,640.0,649.79,4601.99435377,649.79
2016-10-25,649.77,654.38,643.93,653.44,4206.07388978,653.44
2016-10-26,654.33,669.97,643.0,668.98,6505.17638023,668.98
2016-10-27,668.98,685.89,660.68,679.83,5667.56661723,679.83
2016-10-28,679.8,687.22,676.98,686.46,4100.4756527,686.46
2016-10-29,686.44,715.0,680.92,706.76,3958.62852652,706.76
2016-10-30,706.89,717.99,691.49,703.14,3856.17493955,703.14
2016-10-31,704.99,707.85,683.6,704.07,4343.0792674,704.07
2016-11-01,703.98,737.0,695.38,722.38,6176.94431467,722.38
2016-11-02,722.55,731.97,715.9,723.91,4325.33267595,723.91
2016-11-03,723.9,745.19,701.0,719.32,7630.57008559,719.32
2016-11-04,716.21,717.95,670.32,693.1,9902.70012036,693.1
2016-11-05,693.11,707.34,687.5,700.0,3093.70108484,700.0
2016-11-06,700.01,714.36,697.92,702.49,2229.34674753,702.49
2016-11-07,702.1,712.2,698.25,703.49,3009.70326284,703.49
2016-11-08,702.22,711.87,701.02,706.89,4352.03877892,706.89
2016-11-09,706.89,740.86,704.68,722.2,9977.3642834,722.2
2016-11-10,722.57,725.29,707.0,715.45,5015.74704356,715.45
2016-11-11,713.51,720.94,708.16,712.82,3821.1316415,712.82
2016-11-12,714.13,717.49,702.76,703.01,3069.50045212,703.01
2016-11-13,703.01,705.89,683.23,692.11,4756.17268274,692.11
2016-11-14,692.09,702.89,692.06,699.97,7026.54459765,699.97
2016-11-15,699.7,713.84,698.35,711.29,6234.27185876,711.29
2016-11-16,711.85,739.02,708.44,730.05,9690.70749732,730.05
2016-11-17,730.07,749.98,728.81,745.28,9404.29296439,745.28
2016-11-18,745.32,752.95,731.31,747.11,4060.78404953,747.11
2016-11-19,747.88,755.07,741.1,744.96,2728.49094574,744.96
2016-11-20,744.98,753.82,725.59,730.0,3687.76260522,730.0
2016-11-21,729.24,736.01,714.0,734.35,4701.93130692,734.35
2016-11-22,734.35,747.0,730.27,746.06,5168.9130165,746.06
2016-11-23,746.06,750.0,733.2,735.55,4327.32843893,735.55
2016-11-24,735.55,741.65,729.4,731.33,4008.0892239,731.33
2016-11-25,730.46,735.77,728.0,734.25,4381.980906,734.25
2016-11-26,733.68,737.56,722.3,723.94,2373.5654924,723.94
2016-11-27,723.94,732.0,722.44,730.95,3357.19355327,730.95
2016-11-28,729.27,732.42,724.1,731.35,4615.35825989,731.35
2016-11-29,731.35,733.29,721.0,731.0,4638.96248406,731.0
2016-11-30,731.35,744.49,727.0,739.99,6895.83448992,739.99
2016-12-01,739.99,753.53,739.79,753.4,5492.86950496,753.4
2016-12-02,753.4,778.07,749.2,768.99,8379.69372904,768.99
2016-12-03,768.99,770.99,752.41,762.23,3848.99111868,762.23
2016-12-04,762.2,765.0,752.41,759.81,2959.68307474,759.81
2016-12-05,759.81,762.09,743.0,751.99,5226.428283,751.99
2016-12-06,750.23,759.9,747.99,757.78,5705.99807113,757.78
2016-12-07,757.78,765.25,751.0,764.87,5491.02914442,764.87
2016-12-08,764.87,772.01,762.29,770.0,4966.83816985,770.0
2016-12-09,770.01,773.99,765.32,770.96,3205.37783067,770.96
2016-12-10,770.98,773.91,767.99,773.84,1982.68546866,773.84
2016-12-11,773.83,774.12,764.01,769.97,2199.0345902,769.97
2016-12-12,769.98,779.0,767.0,776.8,2582.50368038,776.8
2016-12-13,776.81,793.27,765.1,783.32,4522.91473011,783.32
2016-12-14,781.0,783.35,770.74,773.7,2595.07968893,773.7
2016-12-15,774.54,779.08,771.0,777.09,2557.4716019,777.09
2016-12-16,778.0,782.46,771.24,780.71,3620.00975179,780.71
2016-12-17,780.71,790.88,778.1,787.2,3109.36684447,787.2
2016-12-18,787.2,790.99,780.0,785.49,2314.86904112,785.49
2016-12-19,785.5,794.39,783.92,789.9,3878.38246192,789.9
2016-12-20,789.71,795.0,787.1,791.83,2966.08899405,791.83
2016-12-21,791.88,829.0,790.0,825.5,8022.93845081,825.5
2016-12-22,825.32,875.0,818.5,861.91,13449.5603531,861.91
2016-12-23,862.51,913.41,858.0,889.49,13969.1504942,889.49
2016-12-24,888.0,920.0,876.11,891.84,8989.03763221,891.84
2016-12-25,892.84,899.73,859.0,875.32,4739.55471058,875.32
2016-12-26,875.41,905.18,875.41,901.0,4100.80132751,901.0
2016-12-27,901.0,935.0,891.0,931.99,5221.81263654,931.99
2016-12-28,931.99,968.98,922.0,949.9,10340.4866469,949.9
2016-12-29,949.91,980.74,947.52,964.91,8940.42482067,964.91
2016-12-30,964.9,970.35,931.0,954.1,10116.1671263,954.1
2016-12-31,955.1,965.82,944.11,956.84,6983.74520597,956.84
2017-01-01,956.98,977.92,956.22,976.71,3277.05780667,976.71
2017-01-02,976.71,1030.0,976.22,1026.65,9944.11801979,1026.65
2017-01-03,1026.65,1032.0,990.01,1020.0,8498.57337157,1020.0
2017-01-04,1019.54,1098.76,1016.19,1089.08,14554.7077823,1089.08
2017-01-05,1088.89,1139.89,885.41,992.84,37144.9239183,992.84
2017-01-06,992.84,1026.99,871.0,912.0,29351.6640015,912.0
2017-01-07,912.0,919.99,812.28,887.99,23424.8887019,887.99
2017-01-08,888.0,941.81,879.98,904.06,11411.451473,904.06
2017-01-09,904.06,914.3,875.0,901.79,8141.70557897,901.79
2017-01-10,900.44,912.47,883.98,903.77,9066.40546943,903.77
2017-01-11,903.76,918.4,790.0,795.55,25280.0755686,795.55
2017-01-12,793.66,825.99,751.34,794.89,24687.1260354,794.89
2017-01-13,794.85,832.99,775.0,817.95,13469.4648164,817.95
2017-01-14,816.94,837.76,816.58,831.67,8240.56786642,831.67
2017-01-15,831.45,831.87,810.0,813.38,5102.79702743,813.38
2017-01-16,814.24,835.0,808.0,831.99,5446.50395915,831.99
2017-01-17,831.99,896.23,827.0,881.22,10452.9136137,881.22
2017-01-18,881.22,915.99,851.74,874.5,12431.0800114,874.5
2017-01-19,874.03,899.0,860.01,893.02,9912.46956376,893.02
2017-01-20,893.03,910.0,880.0,896.11,9056.73281182,896.11
2017-01-21,896.1,928.0,892.81,919.33,6449.96524072,919.33
2017-01-22,920.0,937.74,886.76,908.99,6974.82474351,908.99
2017-01-23,908.99,927.57,908.99,921.1,3013.68123384,921.1
2017-01-24,919.54,924.17,892.04,906.04,8018.44713458,906.04
2017-01-25,906.04,909.48,881.48,894.56,6829.2408847,894.56
2017-01-26,893.68,919.48,889.98,918.62,4814.27669184,918.62
2017-01-27,918.52,924.88,908.01,923.05,4951.91128404,923.05
2017-01-28,923.06,924.8,913.08,917.35,2426.69495506,917.35
2017-01-29,917.03,919.99,913.13,916.03,1080.42227565,916.03
2017-01-30,916.29,921.38,910.0,920.46,2073.26199332,920.46
2017-01-31,921.37,959.97,917.5,957.03,7048.73794019,957.03
2017-02-01,957.79,977.52,947.98,967.9,9255.05586694,967.9
2017-02-02,967.9,995.62,966.2,993.38,6478.46600082,993.38
2017-02-03,994.59,1022.64,987.01,1015.8,11914.9152494,1015.8
2017-02-04,1015.39,1020.0,1004.0,1013.34,4853.54416495,1013.34
2017-02-05,1013.34,1044.23,1004.7,1014.6,6691.80570165,1014.6
2017-02-06,1014.61,1031.94,1005.0,1021.92,4701.483942,1021.92
2017-02-07,1021.92,1056.25,1017.0,1047.98,5569.7842974,1047.98
2017-02-08,1047.98,1070.0,1025.0,1053.08,9274.06980948,1053.08
2017-02-09,1054.02,1074.69,913.73,979.04,22164.6055949,979.04
2017-02-10,979.04,992.0,950.0,980.01,11922.5409378,980.01
2017-02-11,980.01,1020.0,971.42,1006.74,6817.40741897,1006.74
2017-02-12,1006.9,1019.0,997.04,1003.02,2871.32309634,1003.02
2017-02-13,1003.01,1007.89,975.1,996.77,4420.81184134,996.77
2017-02-14,996.86,1019.0,987.97,1010.71,6566.02096422,1010.71
2017-02-15,1010.7,1012.54,1000.97,1009.98,3415.36364274,1009.98
2017-02-16,1009.22,1036.0,1007.2,1033.96,4780.51372781,1033.96
2017-02-17,1034.5,1064.99,1026.81,1056.8,6615.88719117,1056.8
2017-02-18,1056.8,1068.99,1049.94,1065.06,5183.49620069,1065.06
2017-02-19,1065.06,1067.0,1039.07,1051.0,2590.61178185,1051.0
2017-02-20,1052.2,1064.67,1044.39,1062.5,2375.00321278,1062.5
2017-02-21,1063.06,1117.0,1057.95,1101.16,7677.78249251,1101.16
2017-02-22,1101.91,1135.0,1098.16,1131.22,9603.32952416,1131.22
2017-02-23,1131.21,1160.0,1120.73,1155.12,12113.0945677,1155.12
2017-02-24,1155.16,1220.0,1091.1,1197.0,20505.1370642,1197.0
2017-02-25,1197.0,1206.73,1145.0,1159.98,6772.40704405,1159.98
2017-02-26,1159.98,1177.99,1127.0,1168.37,4941.24517733,1168.37
2017-02-27,1169.99,1193.32,1167.04,1182.05,3860.43717644,1182.05
2017-02-28,1182.05,1209.99,1176.27,1187.15,7802.60621073,1187.15
2017-03-01,1186.01,1231.0,1184.85,1215.41,6664.65124441,1215.41
2017-03-02,1215.41,1254.9,1215.0,1251.15,5177.95412123,1251.15
2017-03-03,1253.0,1298.0,1239.38,1273.92,9734.91019751,1273.92
2017-03-04,1276.31,1289.55,1230.0,1248.55,5092.01229803,1248.55
2017-03-05,1248.02,1270.0,1232.1,1264.76,3728.71438116,1264.76
2017-03-06,1264.76,1285.0,1251.0,1279.01,3972.02252927,1279.01
2017-03-07,1279.01,1281.62,1175.97,1232.32,11446.285993,1232.32
2017-03-08,1231.03,1268.0,1160.0,1187.14,12440.5108692,1187.14
2017-03-09,1187.01,1199.0,1135.01,1192.0,10315.5099616,1192.0
2017-03-10,1191.71,1350.0,1170.0,1239.73,14701.6218935,1239.73
2017-03-11,1239.72,1293.0,975.0,1184.74,27098.9071437,1184.74
2017-03-12,1184.65,1224.0,1159.57,1210.05,4923.67424429,1210.05
2017-03-13,1211.32,1249.02,1210.0,1240.37,6279.78562779,1240.37
2017-03-14,1241.0,1260.0,1226.5,1246.93,5851.50700974,1246.93
2017-03-15,1248.52,1260.0,1238.32,1256.2,3965.41276874,1256.2
2017-03-16,1256.85,1259.99,1209.56,1218.99,7962.33824146,1218.99
2017-03-17,1218.99,1221.4,1077.38,1158.84,20118.697512,1158.84
2017-03-18,1159.64,1165.91,948.73,971.68,21501.3558264,971.68
2017-03-19,974.05,1024.92,944.36,1021.4,13197.0299719,1021.4
2017-03-20,1021.44,1063.7,1006.56,1043.31,9137.059187,1043.31
2017-03-21,1043.31,1094.5,1025.0,1087.33,9848.8483176,1087.33
2017-03-22,1089.48,1117.9,1001.7,1016.98,12963.2989541,1016.98
2017-03-23,1015.04,1054.4,988.0,1044.13,9592.35498127,1044.13
2017-03-24,1044.4,1046.2,968.28,989.97,11080.4562827,989.97
2017-03-25,989.7,990.57,891.33,930.8,17340.0902815,930.8
2017-03-26,930.19,997.0,917.28,992.28,8637.43228652,992.28
2017-03-27,992.74,1030.99,937.52,1030.96,9399.5571822,1030.96
2017-03-28,1028.2,1068.26,1008.62,1059.81,8233.68537692,1059.81
2017-03-29,1059.81,1059.99,1008.16,1041.99,10872.3486336,1041.99
2017-03-30,1041.36,1050.28,1017.14,1021.04,8993.439278,1021.04
2017-03-31,1021.04,1081.0,1020.27,1079.0,9530.96019563,1079.0
2017-04-01,1079.78,1097.0,1059.0,1073.65,8087.30123964,1073.65
2017-04-02,1073.68,1089.0,1061.64,1089.0,4396.1123124,1089.0
2017-04-03,1089.0,1138.22,1071.12,1135.9,11823.8597719,1135.9
2017-04-04,1135.9,1162.93,1118.85,1131.13,9245.23750147,1131.13
2017-04-05,1131.13,1145.0,1111.0,1120.14,6258.49365706,1120.14
2017-04-06,1120.09,1178.96,1119.14,1168.31,6762.11082948,1168.31
2017-04-07,1169.9,1202.0,1167.95,1193.0,6969.19584123,1193.0
2017-04-08,1192.36,1198.13,1181.02,1186.18,3889.13567992,1186.18
2017-04-09,1185.12,1198.88,1166.66,1198.56,3473.22871274,1198.56
2017-04-10,1198.03,1219.71,1197.46,1208.05,4785.78546191,1208.05
2017-04-11,1210.41,1222.0,1195.0,1219.03,3863.1671021,1219.03
2017-04-12,1219.03,1229.0,1208.0,1219.0,2885.28856591,1219.0
2017-04-13,1219.05,1221.5,1165.0,1174.98,6057.77422673,1174.98
2017-04-14,1174.3,1193.0,1141.0,1176.1,10147.4921521,1176.1
2017-04-15,1176.1,1192.5,1160.61,1185.0,2617.52268981,1185.0
2017-04-16,1185.0,1190.73,1150.0,1168.0,2829.68126987,1168.0
2017-04-17,1163.01,1192.5,1161.0,1187.77,2745.99404233,1187.77
2017-04-18,1187.65,1210.0,1174.88,1202.25,5595.22802551,1202.25
2017-04-19,1202.25,1209.99,1190.0,1202.0,4880.1245722,1202.0
2017-04-20,1202.19,1230.0,1190.0,1229.91,6120.19510388,1229.91
2017-04-21,1229.86,1252.32,1223.66,1239.52,5360.22862286,1239.52
2017-04-22,1241.58,1247.15,1199.0,1227.72,4620.94736286,1227.72
2017-04-23,1224.36,1248.99,1223.42,1240.2,3181.38314746,1240.2
2017-04-24,1240.2,1248.4,1231.0,1244.57,3021.47383264,1244.57
2017-04-25,1246.38,1274.0,1243.03,1269.4,4056.46980231,1269.4
2017-04-26,1269.4,1310.0,1265.0,1307.8,6855.51610296,1307.8
2017-04-27,1308.74,1338.0,1281.0,1330.98,7765.47235645,1330.98
2017-04-28,1330.99,1347.02,1300.0,1328.65,7934.36107218,1328.65
2017-04-29,1328.65,1340.0,1299.0,1330.12,5495.33677745,1330.12
2017-04-30,1330.06,1342.8,1315.68,1322.71,2930.15212113,1322.71
2017-05-01,1323.0,1391.31,1321.4,1387.84,6537.6225374,1387.84
2017-05-02,1389.94,1481.73,1382.71,1450.86,9833.18461111,1450.86
2017-05-03,1448.16,1485.65,1403.0,1480.0,9082.40969352,1480.0
2017-05-04,1480.0,1588.08,1461.14,1586.55,13906.883991,1586.55
2017-05-05,1586.56,1623.01,1444.94,1545.0,21286.4608094,1545.0
2017-05-06,1546.79,1564.32,1495.0,1521.15,10220.5503747,1521.15
2017-05-07,1521.14,1578.97,1520.53,1540.22,7434.05048783,1540.22
2017-05-08,1540.22,1609.98,1525.1,1573.94,15712.3443615,1573.94
2017-05-09,1573.94,1760.4,1562.11,1722.53,17705.943847,1722.53
2017-05-10,1722.56,1794.21,1661.07,1788.44,13575.3170377,1788.44
2017-05-11,1788.44,1892.0,1745.0,1861.0,13529.6357492,1861.0
2017-05-12,1861.0,1868.0,1733.0,1751.38,13868.1764418,1751.38
2017-05-13,1751.98,1766.0,1601.46,1710.3,16257.6396919,1710.3
2017-05-14,1707.52,1815.0,1699.0,1772.0,5559.80677134,1772.0
2017-05-15,1774.72,1792.0,1682.56,1706.95,10099.5858528,1706.95
2017-05-16,1713.06,1745.54,1641.22,1739.01,16887.5720417,1739.01
2017-05-17,1740.0,1840.42,1670.01,1829.98,16397.9901056,1829.98
2017-05-18,1829.91,1862.3,1765.26,1855.99,14341.6758241,1855.99
2017-05-19,1852.32,1954.99,1846.5,1948.99,12388.5924377,1948.99
2017-05-20,1949.99,1989.0,1898.0,1957.08,12947.2426946,1957.08
2017-05-21,1948.16,2063.11,1947.46,2004.44,9187.69556932,2004.44
2017-05-22,1999.0,2181.99,1983.0,2172.4,10708.5040684,2172.4
2017-05-23,2171.93,2259.11,2001.0,2250.0,16650.2010551,2250.0
2017-05-24,2250.0,2420.0,2189.88,2418.0,18050.5635945,2418.0
2017-05-25,2418.0,2760.1,2350.0,2686.98,25251.0499685,2686.98
2017-05-26,2686.02,2693.38,2221.0,2416.09,30318.2103562,2416.09
2017-05-27,2415.0,2460.0,1850.0,2087.2,36266.7313851,2087.2
2017-05-28,2087.2,2313.96,2001.0,2143.01,16657.300338,2143.01
2017-05-29,2143.01,2300.58,2081.0,2259.94,10686.3452049,2259.94
2017-05-30,2260.05,2350.0,2214.95,2233.33,14080.5024357,2233.33
2017-05-31,2233.3,2329.39,2154.28,2306.61,14802.2914975,2306.61
2017-06-01,2299.01,2456.39,2269.36,2402.65,19216.1402558,2402.65
2017-06-02,2402.65,2449.55,2321.05,2429.59,13123.6607045,2429.59
2017-06-03,2428.18,2570.0,2400.13,2568.86,10791.1862103,2568.86
2017-06-04,2568.86,2584.34,2477.99,2527.11,11162.5030856,2527.11
2017-06-05,2526.07,2627.47,2460.0,2618.86,9733.90172567,2618.86
2017-06-06,2618.0,2933.0,2608.25,2839.7,21685.438479,2839.7
2017-06-07,2839.97,2893.28,2689.4,2800.0,18775.7481197,2800.0
2017-06-08,2799.97,2831.27,2612.5,2736.62,17127.8283919,2736.62
2017-06-09,2736.55,2868.23,2700.0,2852.0,9268.81442123,2852.0
2017-06-10,2851.99,2912.98,2790.0,2864.0,8366.93333209,2864.0
2017-06-11,2864.0,2948.0,2800.0,2943.9,8676.77664232,2943.9
2017-06-12,2943.92,2980.0,2702.0,2775.99,18865.7526496,2775.99
2017-06-13,2775.97,2783.62,2480.03,2737.05,25550.925144,2737.05
2017-06-14,2741.67,2801.0,2535.75,2617.95,19707.2795852,2617.95
2017-06-15,2617.95,2624.79,2120.0,2245.76,42222.67912,2245.76
2017-06-16,2246.71,2525.0,2198.13,2457.96,19729.6494986,2457.96
2017-06-17,2458.0,2610.0,2412.1,2605.4,11154.136039,2605.4
2017-06-18,2605.45,2674.4,2485.0,2562.77,9966.65228652,2562.77
2017-06-19,2566.72,2583.47,2460.62,2548.0,10836.8872266,2548.0
2017-06-20,2548.01,2674.4,2548.0,2658.29,12116.7757004,2658.29
2017-06-21,2658.02,2789.0,2632.81,2709.9,16330.3996344,2709.9
2017-06-22,2709.9,2734.5,2594.61,2734.48,14014.3624227,2734.48
2017-06-23,2734.5,2740.0,2675.71,2727.75,8126.58710487,2727.75
2017-06-24,2725.17,2745.0,2598.28,2662.48,10379.1471483,2662.48
2017-06-25,2656.65,2663.49,2505.25,2562.31,11300.4867853,2562.31
2017-06-26,2562.0,2599.0,2417.0,2420.3,18335.3310237,2420.3
2017-06-27,2419.98,2465.0,2307.0,2349.42,20458.5904052,2349.42
2017-06-28,2350.0,2570.0,2291.0,2551.69,16403.4002662,2551.69
2017-06-29,2551.69,2593.0,2500.31,2554.14,8318.24462579,2554.14
2017-06-30,2554.14,2594.78,2503.01,2525.76,8826.7091515,2525.76
2017-07-01,2521.47,2537.91,2430.0,2466.35,7804.40503541,2466.35
2017-07-02,2466.35,2469.99,2374.34,2466.0,9855.4251142,2466.0
2017-07-03,2466.03,2595.0,2456.23,2573.99,11864.2438789,2573.99
2017-07-04,2572.96,2639.47,2527.8,2580.81,10093.0318476,2580.81
2017-07-05,2580.0,2601.96,2530.1,2575.04,10202.3099174,2575.04
2017-07-06,2571.7,2623.0,2522.0,2588.0,8983.68458047,2588.0
2017-07-07,2588.0,2612.0,2486.01,2522.69,9021.58374913,2522.69
2017-07-08,2522.78,2539.53,2462.0,2527.81,6813.49078762,2527.81
2017-07-09,2521.61,2564.65,2507.12,2551.53,4239.63880147,2551.53
2017-07-10,2551.53,2558.42,2365.11,2394.0,10971.408283,2394.0
2017-07-11,2394.0,2434.99,2242.62,2347.0,20966.2825238,2347.0
2017-07-12,2347.0,2385.14,2239.54,2374.6,12841.8550342,2374.6
2017-07-13,2371.98,2425.16,2335.97,2344.93,10408.719692,2344.93
2017-07-14,2342.0,2361.26,2251.04,2259.0,7710.58770598,2259.0
2017-07-15,2259.0,2266.0,1978.0,2023.26,21699.9444421,2023.26
2017-07-16,2023.26,2105.0,1830.0,1908.61,24307.8905493,1908.61
2017-07-17,1901.52,2099.0,1850.93,2046.03,21753.2818914,2046.03
2017-07-18,2046.01,2374.78,2046.01,2351.69,29439.4916609,2351.69
2017-07-19,2351.69,2402.5,2232.5,2315.9,18339.2976192,2315.9
2017-07-20,2315.9,2665.99,2223.0,2619.17,23161.4337925,2619.17
2017-07-21,2619.17,2938.0,2560.0,2717.97,29232.4256753,2717.97
2017-07-22,2715.27,2882.0,2611.39,2787.9,15183.120492,2787.9
2017-07-23,2787.81,2855.0,2640.0,2779.7,12048.2089249,2779.7
2017-07-24,2776.43,2800.0,2701.0,2762.99,8816.09999651,2762.99
2017-07-25,2762.0,2778.0,2511.0,2580.21,17327.3067786,2580.21
2017-07-26,2580.21,2608.96,2400.0,2436.7,20641.0216052,2436.7
2017-07-27,2436.93,2600.0,2407.0,2541.06,12203.0663648,2541.06
2017-07-28,2541.06,2825.0,2526.11,2742.9,14076.4636669,2742.9
2017-07-29,2742.89,2800.0,2657.39,2707.06,10809.5626419,2707.06
2017-07-30,2707.02,2746.79,2569.69,2720.25,11457.6577732,2720.25
2017-07-31,2720.24,2792.23,2680.01,2761.41,8903.32190546,2761.41
2017-08-01,2763.23,2929.17,2615.0,2676.0,12566.8290008,2676.0
2017-08-02,2676.0,2779.53,2652.92,2698.05,10811.8196737,2698.05
2017-08-03,2698.08,2770.0,2650.0,2768.0,7362.8946661,2768.0
2017-08-04,2768.0,2875.8,2737.87,2868.15,8456.62527199,2868.15
2017-08-05,2868.16,3230.0,2825.0,3192.37,13878.9607088,3192.37
2017-08-06,3204.5,3339.66,3146.1,3241.5,10013.291762,3241.5
2017-08-07,3241.02,3430.0,3186.0,3380.0,9526.76871015,3380.0
2017-08-08,3387.32,3490.0,3325.0,3380.0,16095.5403919,3380.0
2017-08-09,3383.43,3463.31,3178.72,3285.05,13921.3108479,3285.05
2017-08-10,3284.0,3447.0,3269.9,3441.0,11189.8623498,3441.0
2017-08-11,3446.65,3550.0,3385.0,3535.09,10722.8493686,3535.09
2017-08-12,3543.0,3866.0,3511.0,3845.97,10215.8257916,3845.97
2017-08-13,3845.97,4190.0,3725.37,4033.0,18990.8228131,4033.0
2017-08-14,4023.72,4299.0,3935.0,4242.67,11478.9505645,4242.67
2017-08-15,4246.06,4400.0,3800.0,3985.34,24204.1116999,3985.34
2017-08-16,3985.34,4321.69,3926.06,4308.63,14577.8655947,4308.63
2017-08-17,4308.63,4480.0,4208.88,4350.0,12999.3369644,4350.0
2017-08-18,4349.99,4368.0,4167.21,4224.0,14926.5611012,4224.0
2017-08-19,4224.0,4269.3,3900.0,3946.0,20840.3104386,3946.0
2017-08-20,3948.0,4130.0,3925.7,4040.11,7562.97916964,4040.11
2017-08-21,4040.11,4125.95,3949.78,4004.99,8469.45520618,4004.99
2017-08-22,4004.99,4042.05,3600.0,3905.24,20100.1098168,3905.24
2017-08-23,3905.02,4248.97,3905.0,4209.97,15466.4489967,4209.97
2017-08-24,4209.95,4246.41,4062.26,4230.84,12991.1643256,4230.84
2017-08-25,4220.25,4445.09,4185.67,4419.98,9795.03924531,4419.98
2017-08-26,4421.95,4449.98,4232.43,4299.96,9153.05559826,4299.96
2017-08-27,4295.11,4393.3,4269.28,4337.19,4561.23715717,4337.19
2017-08-28,4352.13,4365.96,4169.01,4293.33,6710.15776843,4293.33
2017-08-29,4293.33,4649.78,4287.28,4576.26,11405.2675497,4576.26
2017-08-30,4576.26,4642.22,4479.0,4561.0,10231.4151386,4561.0
2017-08-31,4567.21,4739.78,4532.58,4718.46,7734.854547,4718.46
2017-09-01,4719.0,4870.0,4671.09,4836.86,12841.4088517,4836.86
2017-09-02,4836.85,4979.9,4488.5,4591.55,18216.0066283,4591.55
2017-09-03,4591.55,4700.0,4385.0,4450.6,11902.4467839,4450.6
2017-09-04,4463.2,4624.72,4200.0,4247.55,19093.8114347,4247.55
2017-09-05,4247.54,4410.97,4001.93,4246.85,24840.0514088,4246.85
2017-09-06,4258.97,4628.39,4215.12,4615.09,18493.4016702,4615.09
2017-09-07,4617.0,4674.34,4475.0,4641.06,10065.7011988,4641.06
2017-09-08,4647.85,4679.97,4227.64,4389.49,16467.3677461,4389.49
2017-09-09,4374.97,4449.99,4125.99,4285.0,16726.8992705,4285.0
2017-09-10,4285.0,4334.38,4010.0,4128.78,14810.3070698,4128.78
2017-09-11,4138.55,4353.49,4092.4,4240.0,12138.5766528,4240.0
2017-09-12,4240.0,4377.65,4170.99,4237.56,9757.03919314,4237.56
2017-09-13,4237.84,4265.28,3720.01,3819.51,28244.7280306,3819.51
2017-09-14,3819.51,3960.0,3426.92,3520.0,32174.5642643,3520.0
2017-09-15,3519.7,3712.92,2972.01,3701.3,61643.6927284,3701.3
2017-09-16,3701.3,3872.9,3456.13,3550.0,33255.2149303,3550.0
2017-09-17,3538.6,3727.0,3463.0,3664.68,13435.6264876,3664.68
2017-09-18,3664.68,4100.0,3646.39,4039.07,16631.9483837,4039.07
2017-09-19,4039.06,4122.7,3848.35,3998.0,14932.127079,3998.0
2017-09-20,3998.51,4050.0,3820.56,4000.0,12460.0839353,4000.0
2017-09-21,3999.98,4026.0,3698.19,3755.0,12869.2920237,3755.0
2017-09-22,3755.0,3761.84,3514.0,3539.73,19264.51863,3539.73
2017-09-23,3531.29,3810.25,3524.15,3724.0,11423.0737218,3724.0
2017-09-24,3718.0,3783.25,3615.0,3703.89,7880.31042527,3703.89
2017-09-25,3698.11,3949.0,3630.0,3930.0,12133.8296852,3930.0
2017-09-26,3930.01,3970.0,3850.61,3925.04,12156.4513837,3925.04
2017-09-27,3921.22,4100.0,3870.0,4070.68,11853.9200694,4070.68
2017-09-28,4070.69,4270.01,4070.64,4141.08,12462.1850418,4141.08
2017-09-29,4140.0,4224.89,4022.02,4184.18,12003.5067987,4184.18
2017-09-30,4184.18,4335.22,4132.01,4329.96,8016.70039389,4329.96
2017-10-01,4322.24,4349.0,4216.0,4270.01,7750.82009392,4270.01
2017-10-02,4270.0,4453.0,4257.49,4380.46,7423.80990778,4380.46
2017-10-03,4380.46,4425.0,4218.0,4293.0,11975.7961984,4293.0
2017-10-04,4293.96,4343.0,4170.07,4212.04,9623.28013281,4212.04
2017-10-05,4217.84,4334.38,4137.96,4314.24,7741.08967818,4314.24
2017-10-06,4316.99,4425.0,4278.4,4376.72,8093.68350241,4376.72
2017-10-07,4371.61,4393.05,4298.01,4332.24,5142.72048493,4332.24
2017-10-08,4342.1,4570.89,4317.66,4568.46,9025.68301787,4568.46
2017-10-09,4568.45,4670.0,4525.92,4634.0,9624.82983176,4634.0
2017-10-10,4634.0,4865.0,4620.0,4789.0,13289.3227925,4789.0
2017-10-11,4787.05,4909.97,4700.0,4832.03,11947.9440947,4832.03
2017-10-12,4836.85,5311.18,4789.04,5311.12,17608.4365314,5311.12
2017-10-13,5311.18,5846.43,5222.0,5721.0,27790.0074981,5721.0
2017-10-14,5720.0,5767.14,5479.48,5690.96,11210.2092317,5690.96
2017-10-15,5702.39,5830.0,5415.0,5520.14,10983.3043871,5520.14
2017-10-16,5534.16,5747.97,5452.95,5699.95,8500.40763497,5699.95
2017-10-17,5699.92,5807.11,5506.78,5584.96,10607.0559111,5584.96
2017-10-18,5584.0,5639.9,5101.36,5324.07,15770.211599,5324.07
2017-10-19,5324.07,5735.0,5320.12,5640.04,12665.0396969,5640.04
2017-10-20,5645.79,6000.1,5589.8,5964.24,11625.4686758,5964.24
2017-10-21,5964.24,6180.0,5886.6,6156.13,14920.4186327,6156.13
2017-10-22,6142.61,6165.0,5700.0,6009.99,15900.4086448,6009.99
2017-10-23,6009.99,6045.34,5617.75,5790.0,12906.503022,5790.0
2017-10-24,5790.0,6000.0,5534.32,5654.99,17158.2807361,5654.99
2017-10-25,5649.99,5740.0,5366.0,5482.4,14217.9114954,5482.4
2017-10-26,5482.43,5988.0,5470.0,5940.25,11245.4309822,5940.25
2017-10-27,5944.5,5994.06,5674.06,5744.73,13023.5594369,5744.73
2017-10-28,5744.73,5875.66,5646.18,5699.99,7873.16823901,5699.99
2017-10-29,5698.11,6031.51,5683.0,5986.27,8256.45797013,5986.27
2017-10-30,5980.12,6316.85,5934.56,6081.09,16272.0166305,6081.09
2017-10-31,6088.76,6420.0,6047.08,6370.67,12100.0734492,6370.67
2017-11-01,6370.68,6591.0,6280.99,6564.56,10768.2243011,6564.56
2017-11-02,6560.54,7354.1,6524.45,7075.0,26548.5969541,7075.0
2017-11-03,7075.0,7500.0,6822.0,7343.86,16985.7432982,7343.86
2017-11-04,7343.99,7350.36,6994.0,7334.78,10612.9362237,7334.78
2017-11-05,7344.99,7590.0,7275.16,7512.0,8519.75938259,7512.0
2017-11-06,7512.1,7570.56,7073.95,7270.1,13644.2796926,7270.1
2017-11-07,7267.02,7280.66,6922.07,7051.0,17981.8889064,7051.0
2017-11-08,7051.01,7549.7,6956.88,7493.79,12613.1781712,7493.79
2017-11-09,7493.86,7888.0,7061.2,7174.0,26545.8190941,7174.0
2017-11-10,7171.69,7343.18,6718.49,6849.9,17115.0281111,6849.9
2017-11-11,6849.49,6945.7,6300.0,6398.35,22698.1126788,6398.35
2017-11-12,6388.67,6520.54,5555.55,6255.78,33360.6663683,6255.78
2017-11-13,6255.0,6775.75,5645.0,6717.19,27836.172901,6717.19
2017-11-14,6701.05,6750.0,6310.0,6575.84,16211.6729254,6575.84
2017-11-15,6563.13,7275.16,6511.08,7260.11,15976.3564065,7260.11
2017-11-16,7261.73,7538.0,7089.0,7462.16,15129.1420048,7462.16
2017-11-17,7462.0,7997.0,7425.16,7964.96,22461.7508578,7964.96
2017-11-18,7964.94,7993.93,7431.54,7679.38,10173.5411589,7679.38
2017-11-19,7679.23,7858.0,7633.65,7738.7,5616.85907341,7738.7
2017-11-20,7738.68,8226.0,7733.01,8207.2,10176.1508998,8207.2
2017-11-21,8200.57,8354.46,7770.0,8338.98,11742.3365939,8338.98
2017-11-22,8337.2,8345.0,7935.0,8224.99,9518.85595407,8224.99
2017-11-23,8224.89,8284.0,8058.69,8163.44,8329.79484341,8163.44
2017-11-24,8164.44,8340.0,7876.0,8183.96,9921.40396574,8183.96
2017-11-25,8183.96,8649.98,8114.78,8592.0,11615.8837619,8592.0
2017-11-26,8591.99,9055.51,8538.2,9044.0,7486.64341673,9044.0
2017-11-27,9044.0,9721.7,8971.11,9649.99,16578.3063938,9649.99
2017-11-28,9649.99,9915.0,9458.0,9899.0,10356.9226238,9899.0
2017-11-29,9899.0,11395.0,9848.0,10819.12,22537.6562164,10819.12
2017-11-30,10819.12,11000.0,9000.0,9249.99,32550.037199,9249.99
2017-12-01,9247.17,10744.0,9110.0,10557.78,19810.4768374,10557.78
2017-12-02,10557.78,11200.0,10410.0,10736.81,12137.3884157,10736.81
2017-12-03,10749.1,11800.01,10686.02,11744.22,7933.46028657,11744.22
2017-12-04,11718.8,11799.99,10513.16,11342.56,17458.8403628,11342.56
2017-12-05,11342.56,11850.0,11100.0,11801.1,13076.3643091,11801.1
2017-12-06,11806.97,12815.18,11560.0,12543.85,15445.0157726,12543.85
2017-12-07,12520.07,15700.0,12400.0,15695.0,23905.4172632,15695.0
2017-12-08,15698.49,16666.66,13482.42,15298.0,30220.2262232,15298.0
2017-12-09,15304.51,15998.5,14418.0,14547.85,12074.464443,14547.85
2017-12-10,14538.97,15192.32,12701.05,15014.72,21618.8299101,15014.72
2017-12-11,15005.03,16570.0,14029.86,16296.76,16247.8607853,16296.76
2017-12-12,16296.77,17270.0,15967.29,17055.0,14356.8063103,17055.0
2017-12-13,17055.0,17428.42,16200.0,16705.01,15672.4308996,16705.01
2017-12-14,16705.01,16830.45,15497.69,16307.77,15699.8324974,16307.77
2017-12-15,16307.77,17934.0,16072.73,17499.9,18915.5463599,17499.9
2017-12-16,17497.4,18800.0,17111.0,18799.99,10238.375086,18799.99
2017-12-17,18788.98,19666.0,18503.37,19234.56,9307.25498568,19234.56
2017-12-18,19246.05,19310.67,17835.2,18835.41,15058.1489988,18835.41
2017-12-19,18845.41,19160.79,17500.0,18062.2,16559.9371582,18062.2
2017-12-20,18059.0,18444.0,15800.0,16588.37,30288.3442197,16588.37
2017-12-21,16588.36,17281.17,15317.0,15550.0,22688.3734233,15550.0
2017-12-22,15550.0,15855.0,11159.93,13340.0,51126.9781231,13340.0
2017-12-23,13340.0,15756.22,12305.47,14878.87,30036.156264,14878.87
2017-12-24,14876.86,15599.64,12488.0,13388.99,20188.7380886,13388.99
2017-12-25,13383.01,14650.0,12622.0,13805.0,12988.4993682,13805.0
2017-12-26,13805.0,15914.38,13555.01,15763.03,13313.7085325,15763.03
2017-12-27,15770.0,16480.52,15066.29,15296.0,14313.695852,15296.0
2017-12-28,15295.98,15483.22,13500.0,14260.72,18007.9533968,14260.72
2017-12-29,14258.6,15111.0,13523.03,14533.11,14133.3673346,14533.11
2017-12-30,14533.11,14869.1,12244.19,12695.24,20664.8481499,12695.24
2017-12-31,12673.81,13462.82,12050.0,13301.75,12948.0659697,13301.75
2018-01-01,13351.01,14296.06,12801.38,13276.78,9268.96169026,13276.78
2018-01-02,13276.0,14073.74,12910.58,13714.88,10700.1866846,13714.88
2018-01-03,13714.82,15500.0,13645.29,15133.59,15519.8862149,15133.59
2018-01-04,15126.29,15430.27,14192.37,14551.29,13836.3251093,14551.29
2018-01-05,14551.36,16189.0,14401.74,15969.11,15069.0739218,15969.11
2018-01-06,15981.21,17200.0,15981.21,16592.53,13874.5250913,16592.53
2018-01-07,16592.53,17234.99,16311.0,16443.0,7060.55266442,16443.0
2018-01-08,16427.63,16521.66,13900.0,14500.0,16530.2830426,14500.0
2018-01-09,14500.0,15367.18,14123.97,14700.0,13566.0674184,14700.0
2018-01-10,14690.0,14988.72,13412.0,14406.94,18316.1887665,14406.94
2018-01-11,14406.94,14973.07,12800.0,13969.0,19359.2624098,13969.0
2018-01-12,13969.0,14161.75,12807.27,13698.54,14680.5205711,13698.54
2018-01-13,13698.45,14619.1,13395.76,14266.13,9336.08514959,14266.13
2018-01-14,14266.13,14400.0,13072.22,13229.05,7375.02405669,13229.05
2018-01-15,13222.98,14394.36,13072.23,14098.0,8100.50202497,14098.0
2018-01-16,14098.0,14185.25,11191.59,12313.29,25973.4552292,12313.29
2018-01-17,12313.29,12409.22,9222.0,9557.62,42606.7753503,9557.62
2018-01-18,9538.55,12146.0,9526.11,12070.0,29571.1163628,12070.0
2018-01-19,12074.85,12074.85,11054.84,11559.26,16488.9054979,11559.26
2018-01-20,11559.26,12823.03,11025.18,12569.4,11852.162662,12569.4
2018-01-21,12539.76,13052.12,11589.73,11589.73,10172.5382434,11589.73
2018-01-22,11589.73,11910.78,10330.01,10481.08,14476.277161,10481.08
2018-01-23,10481.08,10994.56,9927.54,10774.61,18537.2256767,10774.61
2018-01-24,10765.0,11500.0,10488.13,11069.93,13797.971702,11069.93
2018-01-25,11072.0,11741.82,10890.0,10952.06,11179.0585492,10952.06
2018-01-26,10962.05,11635.0,10263.32,11043.08,14593.2356644,11043.08
2018-01-27,11049.98,11525.0,10780.18,11500.01,9411.42762484,11500.01
2018-01-28,11500.99,11989.15,11332.29,11583.63,11400.4200173,11583.63
2018-01-29,11583.63,11820.01,11037.77,11288.74,9857.53615155,11288.74
2018-01-30,11288.75,11305.0,10178.54,10292.23,13345.6608909,10292.23
2018-01-31,10270.72,10451.4,9514.96,9945.92,19600.7995165,9945.92
2018-02-01,9962.79,10187.56,9022.46,9216.99,17000.2278877,9216.99
2018-02-02,9216.99,9234.1,7625.25,8973.35,48545.8146041,8973.35
2018-02-03,9000.77,9443.96,8170.71,9208.11,20739.3101093,9208.11
2018-02-04,9207.54,9491.2,8294.04,8372.37,13535.9778332,8372.37
2018-02-05,8374.07,8560.0,7141.0,7326.59,32890.3587153,7326.59
2018-02-06,7349.9,7486.98,5920.72,7308.01,72049.1740266,7308.01
2018-02-07,7329.31,8649.0,6800.0,8198.0,44776.1983729,8198.0
2018-02-08,8217.33,8644.36,7543.27,8216.18,23857.8436725,8216.18
2018-02-09,8207.73,8489.98,7753.32,8331.82,21124.1016012,8331.82
2018-02-10,8331.8,9090.8,8296.31,8373.9,16881.4652832,8373.9
2018-02-11,8359.0,8589.1,7820.0,8414.26,13262.5764139,8414.26
2018-02-12,8425.0,8850.0,8026.0,8655.79,13767.4566078,8655.79
2018-02-13,8666.5,8995.0,8360.13,8503.18,13724.0405662,8503.18
2018-02-14,8503.13,9349.99,8461.38,9342.99,14487.8169586,9342.99
2018-02-15,9342.99,9977.0,9188.1,9851.73,18677.3254298,9851.73
2018-02-16,9834.89,10300.0,9707.51,10033.95,16714.0835579,10033.95
2018-02-17,10049.23,10870.35,9902.78,10748.58,12814.5057858,10748.58
2018-02-18,10748.36,11300.0,10153.15,10719.71,17704.2712862,10719.71
2018-02-19,10719.72,11218.03,10307.51,11170.01,11387.0121276,11170.01
2018-02-20,11170.1,11645.67,10901.65,11522.56,13083.2091459,11522.56
2018-02-21,11522.56,11780.0,10432.75,10598.97,22261.9039157,10598.97
2018-02-22,10581.05,10935.0,9775.92,10021.84,20507.6989372,10021.84
2018-02-23,10021.84,10405.3,9600.0,10324.11,16411.8392914,10324.11
2018-02-24,10315.0,10540.63,9533.0,9750.0,14772.8409355,9750.0
2018-02-25,9738.93,9883.41,9260.0,9398.21,11082.1571675,9398.21
2018-02-26,9398.67,10345.0,9304.95,10243.56,13754.6595159,10243.56
2018-02-27,10246.01,10850.0,10130.8,10576.01,13849.3030679,10576.01
2018-02-28,10578.37,11064.75,10364.78,10496.24,10171.1273981,10496.24
2018-03-01,10510.99,10832.15,10223.41,10718.11,8539.7803859,10718.11
2018-03-02,10713.87,11175.0,10692.32,10863.99,10325.421615,10863.99
2018-03-03,10860.1,11482.03,10779.5,11456.43,7961.10799305,11456.43
2018-03-04,11458.31,11503.24,11054.91,11129.0,4909.25371002,11129.0
2018-03-05,11125.0,11618.7,11097.5,11505.01,9807.58859543,11505.01
2018-03-06,11500.3,11688.0,10800.0,10971.18,12868.1560253,10971.18
2018-03-07,10971.17,10995.0,10417.0,10655.0,14123.2506143,10655.0
2018-03-08,10655.0,10685.0,9450.0,9936.85,30907.5671759,9936.85
2018-03-09,9934.24,9940.95,8366.0,8975.01,30838.9979538,8975.01
2018-03-10,8975.01,9514.96,8600.0,9356.03,14343.0158583,9356.03
2018-03-11,9354.71,9430.99,8450.0,9100.0,16094.9305026,9100.0
2018-03-12,9100.0,9892.0,9098.96,9193.31,17058.7360774,9193.31
2018-03-13,9185.77,9482.79,8742.07,9101.1,20325.7292942,9101.1
2018-03-14,9081.06,9356.14,8595.0,8742.72,14172.3199495,8742.72
2018-03-15,8737.5,8742.71,7682.0,8103.03,25031.6583575,8103.03
2018-03-16,8102.99,8613.06,7914.08,8554.04,15748.1387115,8554.04
2018-03-17,8554.42,8595.46,7860.36,7897.82,13015.3498923,7897.82
2018-03-18,7903.98,8091.64,7325.37,7387.73,15134.3661011,7387.73
2018-03-19,7378.96,8718.74,7326.0,8572.04,22040.508977,8572.04
2018-03-20,8579.46,8655.45,8232.14,8538.4,13505.9184514,8538.4
2018-03-21,8540.07,9188.1,8530.23,9045.91,12876.8460537,9045.91
2018-03-22,9045.0,9099.59,8503.52,8612.12,14032.152538,8612.12
2018-03-23,8610.0,8766.03,8265.0,8631.62,13508.5018582,8631.62
2018-03-24,8631.62,9020.0,8552.55,8954.99,9780.97886462,8954.99
2018-03-25,8955.28,8972.2,8368.63,8479.79,9338.94338675,8479.79
2018-03-26,8477.2,8680.0,8019.42,8084.65,15703.8422592,8084.65
2018-03-27,8080.0,8273.36,7742.11,8057.89,14594.9853251,8057.89
2018-03-28,8057.89,8126.4,7723.03,7867.14,9735.82850105,7867.14
2018-03-29,7867.14,8000.0,7330.0,7468.0,13711.5482056,7468.0
2018-03-30,7483.25,7562.13,6550.0,6780.05,33121.8677808,6780.05
2018-03-31,6787.49,7231.73,6591.79,7040.95,14942.387046,7040.95
2018-04-01,7042.44,7179.17,6429.23,6429.36,13792.1305782,6429.36
2018-04-02,6429.36,7106.5,6427.16,7021.61,17337.5318932,7021.61
2018-04-03,7028.8,7444.66,6894.57,7385.45,15979.3232948,7385.45
2018-04-04,7382.38,7506.84,6766.76,6785.7,14678.0977084,6785.7
2018-04-05,6779.32,6928.7,6578.95,6749.06,13248.9088667,6749.06
2018-04-06,6750.72,6850.0,6510.0,6603.09,10067.5684787,6603.09
2018-04-07,6603.09,7029.12,6539.69,7004.3,7649.16190749,7004.3
2018-04-08,7004.3,7104.52,6863.0,7045.91,4965.54299172,7045.91
2018-04-09,7042.72,7175.83,6660.0,6722.24,8538.76752532,6722.24
2018-04-10,6728.77,6868.81,6611.49,6821.48,7367.04652055,6821.48
2018-04-11,6821.48,6984.92,6779.44,6942.75,5557.22201029,6942.75
2018-04-12,6940.0,8069.34,6758.45,7626.76,16385.5539661,7626.76
2018-04-13,7626.76,8239.33,7570.05,8140.94,19507.9795734,8140.94
2018-04-14,8140.94,8232.14,7805.0,7973.04,12343.4925712,7973.04
2018-04-15,7968.81,8417.0,7929.88,8278.21,7605.72804043,8278.21
2018-04-16,8276.4,8424.99,7905.0,7974.94,10671.1087888,7974.94
2018-04-17,7969.48,8160.85,7938.78,8075.33,7235.48753043,8075.33
2018-04-18,8083.54,8170.99,7806.81,7995.11,9441.34975307,7995.11
2018-04-19,8000.66,8282.0,7995.11,8228.55,10405.9566911,8228.55
2018-04-20,8228.99,8567.68,8200.01,8463.15,13554.105282,8463.15
2018-04-21,8469.46,9023.4,8453.5,8822.66,18074.1441449,8822.66
2018-04-22,8825.99,9036.52,8718.74,8940.71,8603.57462183,8940.71
2018-04-23,8933.19,9021.79,8760.0,8904.96,9899.37936971,8904.96
2018-04-24,8904.96,9413.0,8794.67,9364.2,17131.4833046,9364.2
2018-04-25,9362.24,9755.53,8751.0,8961.29,31854.5904418,8961.29
2018-04-26,8964.9,9175.0,8647.29,8809.27,21917.0240326,8809.27
2018-04-27,8805.54,9387.82,8773.95,9230.0,12898.7621322,9230.0
2018-04-28,9234.52,9425.0,8854.47,9350.0,16501.8891905,9350.0
2018-04-29,9353.82,9538.75,9180.0,9324.92,12877.7248852,9324.92
2018-04-30,9327.98,9443.96,9111.0,9290.01,7026.60634725,9290.01
2018-05-01,9290.71,9355.42,8815.91,8921.37,12650.7014912,8921.37
2018-05-02,8908.39,9188.1,8902.07,9144.29,10194.9077875,9144.29
2018-05-03,9144.97,9480.0,9051.48,9417.03,9499.42201815,9417.03
2018-05-04,9419.9,9799.99,9408.3,9600.0,10660.5170747,9600.0
2018-05-05,9603.56,9948.98,9562.6,9874.48,6178.1896158,9874.48
2018-05-06,9874.36,9918.41,9375.0,9463.2,9111.63934567,9463.2
2018-05-07,9461.78,9634.5,9175.0,9349.0,11808.2658828,9349.0
2018-05-08,9349.0,9450.0,9015.0,9178.79,11889.7236974,9178.79
2018-05-09,9174.73,9328.09,8974.62,9272.3,11502.2391753,9272.3
2018-05-10,9272.3,9393.0,9179.98,9326.72,9064.22211259,9326.72
2018-05-11,9326.72,9365.0,8503.74,8582.33,21300.3392189,8582.33
2018-05-12,8582.61,8684.3,8208.81,8362.69,16648.6236309,8362.69
2018-05-13,8361.97,8644.03,8264.98,8618.15,9542.27294324,8618.15
2018-05-14,8613.68,8828.27,8286.57,8793.42,17761.581528,8793.42
2018-05-15,8785.6,8900.9,8467.42,8520.3,13680.4032546,8520.3
2018-05-16,8527.81,8589.1,8100.01,8285.8,13396.6095836,8285.8
2018-05-17,8277.76,8500.0,8191.14,8306.39,8278.1020307,8306.39
2018-05-18,8298.0,8328.23,7929.53,8117.09,8440.50625804,8117.09
2018-05-19,8117.14,8395.0,8088.46,8310.0,4579.25969054,8310.0
2018-05-20,8301.16,8377.29,8170.71,8377.2,4194.89896302,8377.2
2018-05-21,8377.28,8590.0,8358.17,8409.42,6646.45351899,8409.42
2018-05-22,8419.03,8455.0,8119.38,8232.8,7391.79374477,8232.8
2018-05-23,8222.02,8259.95,7676.27,7710.02,12114.9828847,7710.02
2018-05-24,7714.9,7733.99,7267.24,7566.92,17676.8700471,7566.92
2018-05-25,7567.93,7661.07,7328.13,7500.0,10466.7961908,7500.0
2018-05-26,7500.01,7622.87,7360.5,7534.58,4897.95077864,7534.58
2018-05-27,7534.58,7614.9,7213.09,7337.99,3791.64940817,7337.99
2018-05-28,7345.63,7445.0,7170.0,7244.95,5359.56286882,7244.95
2018-05-29,7244.43,7484.39,7026.9,7425.0,10506.7105668,7425.0
2018-05-30,7424.99,7559.0,7305.0,7336.6,9164.4921817,7336.6
2018-05-31,7335.41,7599.99,7273.89,7553.33,7055.99287634,7553.33
2018-06-01,7558.05,7620.01,7348.45,7436.55,8072.42568196,7436.55
2018-06-02,7436.5,7700.0,7388.32,7620.52,4644.22054211,7620.52
2018-06-03,7620.5,7790.69,7581.03,7716.82,3972.089334,7716.82
2018-06-04,7716.36,7764.44,7456.06,7505.0,6760.60392444,7505.0
2018-06-05,7505.1,7570.99,7360.0,7570.99,8064.99834322,7570.99
2018-06-06,7570.99,7685.0,7537.12,7651.28,7524.82141865,7651.28
2018-06-07,7651.17,7750.0,7482.61,7686.16,8906.45387414,7686.16
2018-06-08,7686.99,7733.99,7542.0,7637.45,5333.26910159,7637.45
2018-06-09,7637.45,7686.45,7575.0,7621.45,2577.71783203,7621.45
2018-06-10,7621.57,7636.59,7175.83,7246.69,5946.58688971,7246.69
2018-06-11,7244.34,7254.55,6627.7,6713.95,18312.7272625,6713.95
2018-06-12,6704.91,6919.97,6680.0,6764.71,6990.08517161,6764.71
2018-06-13,6765.79,6770.15,6351.0,6386.87,15739.2592957,6386.87
2018-06-14,6386.86,6549.0,6120.0,6356.53,17668.0778234,6356.53
2018-06-15,6356.3,6708.1,6348.66,6530.0,10017.0570086,6530.0
2018-06-16,6542.5,6624.79,6333.63,6364.7,3947.45407454,6364.7
2018-06-17,6364.99,6575.35,6336.37,6514.55,3098.96586176,6514.55
2018-06-18,6523.92,6553.61,6381.25,6465.99,4275.00575067,6465.99
2018-06-19,6465.99,6841.81,6457.39,6747.57,6660.78777134,6747.57
2018-06-20,6747.57,6783.02,6558.95,6761.01,5280.11775173,6761.01
2018-06-21,6761.01,6809.26,6677.85,6722.91,4822.58890818,6722.91
2018-06-22,6721.7,6754.16,6085.59,6159.71,14220.3786589,6159.71
2018-06-23,6158.6,6250.0,5940.0,6117.98,9084.06738845,6117.98
2018-06-24,6117.98,6261.0,5780.0,5788.72,8998.69177662,5788.72
2018-06-25,5789.74,6365.34,5780.0,6289.31,11387.9198949,6289.31
2018-06-26,6297.96,6324.99,6120.0,6188.0,6264.17545674,6188.0
2018-06-27,6193.1,6264.0,5985.0,6105.85,9176.55861381,6105.85
2018-06-28,6104.99,6181.11,6060.0,6091.2,5445.84039155,6091.2
2018-06-29,6096.91,6112.42,5774.72,5896.02,12707.9535109,5896.02
2018-06-30,5900.8,6510.0,5861.57,6372.83,10035.1638641,6372.83
2018-07-01,6370.0,6438.55,6259.34,6315.68,4308.93224154,6315.68
2018-07-02,6318.28,6664.0,6270.69,6610.94,8109.41316221,6610.94
2018-07-03,6616.98,6667.57,6533.0,6582.15,5426.16310732,6582.15
2018-07-04,6583.14,6792.28,6413.2,6684.41,7501.6931733,6684.41
2018-07-05,6682.22,6700.0,6510.0,6605.64,6976.7054683,6605.64
2018-07-06,6604.11,6640.68,6445.31,6562.87,6120.44537479,6562.87
2018-07-07,6565.67,6630.24,6510.0,6565.13,4323.23992992,6565.13
2018-07-08,6566.69,6820.0,6510.0,6748.21,5624.37784232,6748.21
2018-07-09,6739.14,6769.34,6662.88,6715.99,6577.73925066,6715.99
2018-07-10,6721.79,6814.72,6298.95,6385.0,9080.93626528,6385.0
2018-07-11,6386.19,6410.18,6270.84,6361.51,6694.675695,6361.51
2018-07-12,6362.04,6381.25,6085.59,6169.51,7537.03884283,6169.51
2018-07-13,6168.44,6286.36,6072.0,6259.88,5814.24630499,6259.88
2018-07-14,6259.88,6337.25,6121.01,6239.99,3778.12781694,6239.99
2018-07-15,6239.55,6384.47,6200.01,6372.36,3712.00981578,6372.36
2018-07-16,6374.58,6667.0,6333.63,6623.44,6804.81059755,6623.44
2018-07-17,6628.12,6789.0,6610.63,6779.23,8238.18921867,6779.23
2018-07-18,6778.18,7546.68,6733.51,7422.88,16239.9310072,7422.88
2018-07-19,7417.81,7599.98,7239.15,7391.83,11012.2930192,7391.83
2018-07-20,7391.83,7570.9,7338.91,7471.67,8133.63122127,7471.67
2018-07-21,7471.46,7696.88,7212.0,7390.67,7663.36226267,7390.67
2018-07-22,7389.98,7551.94,7336.15,7526.63,3463.29095285,7526.63
2018-07-23,7526.64,7786.92,7338.91,7716.45,10958.4955366,7716.45
2018-07-24,7719.99,8356.4,7638.03,8187.78,18282.8658873,8187.78
2018-07-25,8186.11,8496.96,8049.22,8126.45,12165.6447063,8126.45
2018-07-26,8121.57,8314.77,8069.94,8203.41,6168.24961856,8203.41
2018-07-27,8203.41,8287.84,7798.48,8152.0,10499.5912611,8152.0
2018-07-28,8149.99,8274.98,8051.43,8121.84,4759.10074668,8121.84
2018-07-29,8121.84,8299.99,8109.74,8227.6,3895.05617869,8227.6
2018-07-30,8227.22,8295.0,8069.34,8117.89,7207.20763344,8117.89
2018-07-31,8117.18,8198.69,7657.13,7754.61,13813.0226399,7754.61
2018-08-01,7749.22,7833.79,7451.0,7604.52,11538.6837426,7604.52
2018-08-02,7602.38,7709.98,7440.0,7523.84,7153.29340415,7523.84
2018-08-03,7523.21,7593.58,7286.41,7480.36,8457.80581669,7480.36
2018-08-04,7480.36,7542.92,6955.0,6978.51,7689.96371363,6978.51
2018-08-05,6972.76,7086.8,6888.88,7002.12,6332.94088858,7002.12
2018-08-06,6997.62,7157.93,6843.35,6970.8,5712.30177266,6970.8
2018-08-07,6970.8,7155.0,6835.06,7112.21,7566.56174905,7112.21
2018-08-08,7112.21,7140.0,6390.99,6483.01,13982.0745198,6483.01
2018-08-09,6483.01,6550.0,6121.0,6447.24,13613.497457,6447.24
2018-08-10,6449.99,6627.0,6295.73,6451.22,9946.92169746,6451.22
2018-08-11,6451.22,6460.0,5995.75,6114.99,9925.75408267,6114.99
2018-08-12,6115.0,6494.13,6077.54,6315.52,7272.98280704,6315.52
2018-08-13,6309.87,6544.37,6208.37,6293.48,8663.2695118,6293.48
2018-08-14,6293.89,6327.72,5880.0,6033.0,13787.2681992,6033.0
2018-08-15,6032.83,6493.77,5995.0,6446.14,10807.8903705,6446.14
2018-08-16,6446.14,6628.5,6208.37,6410.67,10227.3568427,6410.67
2018-08-17,6409.38,6562.0,6223.92,6483.89,7026.19305848,6483.89
2018-08-18,6481.79,6615.0,6306.02,6362.23,4352.67008614,6362.23
2018-08-19,6362.23,6470.0,6303.0,6409.39,2775.01338878,6409.39
2018-08-20,6409.39,6545.0,6333.63,6427.41,3590.05213443,6427.41
2018-08-21,6427.4,6505.07,6223.9,6423.05,7530.84099723,6423.05
2018-08-22,6423.38,6906.81,6368.16,6450.0,8539.08762188,6450.0
2018-08-23,6448.0,6495.0,6250.0,6438.38,8115.06562021,6438.38
2018-08-24,6438.38,6575.99,6353.77,6503.51,5341.28194099,6503.51
2018-08-25,6505.25,6800.0,6498.05,6736.85,6389.61562164,6736.85
2018-08-26,6735.85,6775.34,6558.95,6677.63,3897.05095273,6677.63
2018-08-27,6677.63,6775.34,6624.79,6749.14,4637.17321353,6749.14
2018-08-28,6749.05,7090.0,6705.3,7040.6,8283.89612924,7040.6
2018-08-29,7043.93,7125.28,6890.0,6972.37,6145.53281683,6972.37
2018-08-30,6975.26,7062.73,6810.0,6859.02,6224.97843555,6859.02
2018-08-31,6855.49,7018.15,6792.85,6950.41,5912.15006619,6950.41
2018-09-01,6950.89,7230.0,6943.03,7165.69,4390.0670363,7165.69
2018-09-02,7165.97,7334.5,7130.63,7217.49,4613.03007722,7217.49
2018-09-03,7217.99,7325.99,7184.0,7282.52,2830.97177222,7282.52
2018-09-04,7282.52,7411.85,7231.0,7368.92,4133.12494255,7368.92
2018-09-05,7373.0,7408.0,6892.69,6983.54,9265.61692386,6983.54
2018-09-06,6983.9,6992.47,6253.29,6409.5,16017.5798786,6409.5
2018-09-07,6409.5,6525.0,6322.0,6374.26,7820.79469044,6374.26
2018-09-08,6372.99,6480.58,6350.09,6429.14,3191.9691633,6429.14
2018-09-09,6429.14,6451.51,6094.38,6363.36,5926.32282411,6363.36
2018-09-10,6369.01,6390.2,6208.38,6290.32,4589.40066139,6290.32
2018-09-11,6290.49,6405.0,6162.06,6252.12,7339.78999839,6252.12
2018-09-12,6252.12,6316.98,6184.23,6265.0,4442.7285162,6265.0
2018-09-13,6265.0,6533.71,6255.63,6481.81,5462.45936695,6481.81
2018-09-14,6481.83,6587.0,6384.36,6481.98,5883.18557215,6481.98
2018-09-15,6481.99,6570.1,6453.55,6538.97,2542.38907511,6538.97
2018-09-16,6538.99,6559.0,6349.47,6475.0,1277.33900042,6475.0
2018-09-17,6475.0,6530.24,6222.0,6264.39,2778.34549202,6264.39
2018-09-18,6259.48,6390.0,6200.0,6356.99,4232.99270062,6356.99
2018-09-19,6356.99,6364.86,6228.0,6325.22,4422.47896623,6325.22
2018-09-20,6328.03,6510.0,6100.0,6414.93,7561.64934365,6414.93
2018-09-21,6414.93,6772.21,6333.63,6686.77,8828.74906439,6686.77
2018-09-22,6686.77,6826.28,6624.79,6677.09,5966.95172194,6677.09
2018-09-23,6673.02,6774.91,6633.01,6680.07,3936.10829778,6680.07
2018-09-24,6682.1,6723.18,6558.95,6597.77,3700.73057889,6597.77
2018-09-25,6597.78,6655.07,6352.99,6400.24,6790.68920296,6400.24
2018-09-26,6396.84,6540.0,6324.96,6522.75,5638.99455582,6522.75
2018-09-27,6522.75,6536.51,6429.23,6487.03,3976.78175159,6487.03
2018-09-28,6486.78,6792.28,6486.78,6653.53,8508.46546296,6653.53
2018-09-29,6653.54,6695.88,6454.0,6559.8,4579.55624015,6559.8
2018-09-30,6557.81,6628.06,6529.73,6568.46,2325.18802562,6568.46
2018-10-01,6570.46,6638.15,6477.57,6540.0,4666.04802437,6540.0
2018-10-02,6540.57,6608.26,6494.65,6528.26,3463.82153806,6528.26
2018-10-03,6526.75,6545.82,6396.34,6470.95,5195.48968481,6470.95
2018-10-04,6477.65,6604.89,6413.2,6552.3,4183.76740154,6552.3
2018-10-05,6550.06,6594.94,6510.0,6547.49,3231.56559432,6547.49
2018-10-06,6548.28,6641.35,6526.28,6550.4,2890.15764051,6550.4
2018-10-07,6547.44,6562.33,6493.92,6527.87,1924.04956273,6527.87
2018-10-08,6527.87,6656.63,6516.23,6622.75,4577.79420414,6622.75
2018-10-09,6622.75,6645.96,6553.13,6574.95,2152.5066562,6574.95
2018-10-10,6574.94,6604.0,6387.91,6494.69,5342.88090751,6494.69
2018-10-11,6492.65,6558.95,6055.28,6194.09,8652.68138485,6194.09
2018-10-12,6191.59,6243.79,6109.0,6221.34,4402.97857943,6221.34
2018-10-13,6221.53,6222.91,6168.83,6201.81,2061.43207597,6201.81
2018-10-14,6203.27,6349.47,6175.22,6239.06,2115.74289548,6239.06
2018-10-15,6236.63,6756.0,6143.08,6392.59,15226.6116648,6392.59
2018-10-16,6392.42,6493.77,6359.56,6437.01,5514.96182533,6437.01
2018-10-17,6439.0,6489.0,6386.4,6440.57,4046.29523164,6440.57
2018-10-18,6444.29,6490.0,6412.43,6444.55,2653.55933694,6444.55
2018-10-19,6442.01,6444.0,6350.0,6385.58,3446.15113891,6385.58
2018-10-20,6385.0,6424.16,6363.02,6397.15,1564.81270249,6397.15
2018-10-21,6393.24,6470.0,6387.0,6440.97,1335.97803116,6440.97
2018-10-22,6445.18,6445.95,6372.53,6394.84,2232.47979215,6394.84
2018-10-23,6394.84,6419.34,6354.26,6387.31,2456.43072158,6387.31
2018-10-24,6387.31,6473.0,6381.5,6419.0,3768.4786996,6419.0
2018-10-25,6414.89,6435.8,6361.73,6396.18,3162.39502114,6396.18
2018-10-26,6397.81,6450.3,6377.81,6394.96,3323.04568401,6394.96
2018-10-27,6393.83,6420.01,6381.25,6398.49,1373.02892187,6398.49
2018-10-28,6398.46,6420.0,6382.72,6396.78,674.61212872,6396.78
2018-10-29,6393.83,6420.0,6208.37,6281.2,4488.76792646,6281.2
2018-10-30,6279.0,6289.0,6227.8,6269.59,2793.80304667,6269.59
2018-10-31,6266.62,6350.0,6199.25,6330.57,4167.04162038,6330.57
2018-11-01,6330.53,6331.9,6288.01,6307.36,2971.02537303,6307.36
2018-11-02,6305.01,6381.25,6298.94,6357.0,3155.8581146,6357.0
2018-11-03,6357.0,6365.0,6312.48,6329.04,1298.73719929,6329.04
2018-11-04,6329.04,6450.0,6310.57,6434.84,1436.10861311,6434.84
2018-11-05,6430.89,6475.0,6386.21,6411.74,3118.47750333,6411.74
2018-11-06,6411.74,6457.89,6369.89,6427.73,3602.07565337,6427.73
